{
    "Resources/ParticleData/FieldParticle.json": {
        "StartPos": {
            "value0": 0.0,
            "value1": 0.0,
            "value2": 0.0,
            "value3": 0.0
        },
        "EndPos": {
            "value0": 0.0,
            "value1": 50.0,
            "value2": 0.0,
            "value3": 0.0
        },
        "StartColor": {
            "value0": 0.3333333134651184,
            "value1": 0.21861782670021058,
            "value2": 0.20751634240150453,
            "value3": 1.0
        },
        "EndColor": {
            "value0": 0.002306804759427905,
            "value1": 0.023916145786643029,
            "value2": 0.05882352590560913,
            "value3": 1.0
        },
        "Angle": {
            "value0": 0.0,
            "value1": 0.0,
            "value2": 0.0,
            "value3": 0.0
        },
        "Shot": true,
        "EndPointActive": false,
        "RandomVelocity": true,
        "RandomLife": true,
        "RandomSpeed": true,
        "RandomScale": false,
        "Speed": 0.0,
        "LerpStrength": 0.05000000074505806,
        "Scale": 2.3889999389648439,
        "ScaleTinker": 0.0,
        "MaxLife": 500.0,
        "MaxParticleCount": 50000,
        "AdditiveSynthesis": false,
        "RandomLifeMinMax": {
            "value0": 123.37100219726563,
            "value1": 300.0
        },
        "RandomSpeedMinMax": {
            "value0": 1.0420000553131104,
            "value1": 6.769999980926514
        },
        "RandomScaleMinMax": {
            "value0": 1.590999960899353,
            "value1": 10.0
        },
        "SpeedDivideSize": 15.142999649047852,
        "ScaleDivideSize": 1.0,
        "GravityStrength": 0.0,
        "Interlocking": false,
        "InterlockingStrength": 0.0,
        "InterlockingLength": 15.0,
        "ScaleDownLifeTime": false,
        "EmitParticles": false,
        "ParticleGroup": false,
        "ParticleGroupCount": 5,
        "GroupTimer": 30.0,
        "MaxGroupTimer": 300.0,
        "RandomGroupTimerMinMax": {
            "value0": 1.0,
            "value1": 30.0
        },
        "RandomParticleExplosion": false,
        "ShapeNumber": 1,
        "Width": 100.0,
        "Height": 100.0,
        "Depth": 100.0,
        "ShapeScale": {
            "value0": 50.80699920654297,
            "value1": 6.793000221252441,
            "value2": 50.80699920654297,
            "value3": 1.0
        },
        "CollisionON": true,
        "GettingUpDownScale": true,
        "VelocityAdjustment": {
            "value0": 1.0,
            "value1": 30.0,
            "value2": 1.0
        },
        "PostEffectPow": 0.0
    }
}